name,em,f1,training_time
coqa,8.442941250156583,17.184395858076496,1447.004685163498
squad,53.131504257332075,65.22117799169149,1121.4295055866241
