adapter,data_format,accuracy,training_time
"lora (r=16, alpha=32)",float32,0.6864813039309684,56.345436096191406
"lora (r=16, alpha=32)",bfloat16,0.6912751677852349,29.667475938796997
"lora (r=8, alpha=32)",float32,0.6912751677852349,56.75977826118469
"lora (r=8, alpha=32)",bfloat16,0.6912751677852349,29.848126649856567
"lora (r=8, alpha=8)",float32,0.6912751677852349,55.513938188552856
"lora (r=8, alpha=8)",bfloat16,0.6912751677852349,31.110928058624268
