adapter,data_format,accuracy,training_time
"lora (r=16, alpha=32)",float32,0.6864813039309684,31.438942193984985
"lora (r=16, alpha=32)",bfloat16,0.6912751677852349,31.949212789535522
"lora (r=8, alpha=32)",float32,0.6912751677852349,31.10203742980957
"lora (r=8, alpha=32)",bfloat16,0.6912751677852349,31.475464582443237
"lora (r=8, alpha=8)",float32,0.6912751677852349,31.63953733444214
"lora (r=8, alpha=8)",bfloat16,0.6912751677852349,31.78146719932556
