adapter,data_format,accuracy,training_time
"lora (r=16, alpha=32)",float32,0.6864813039309684,31.759862184524536
"lora (r=16, alpha=32)",bfloat16,0.6912751677852349,31.018168449401855
"lora (r=8, alpha=32)",float32,0.6912751677852349,31.39251160621643
"lora (r=8, alpha=32)",bfloat16,0.6912751677852349,31.73141646385193
"lora (r=8, alpha=8)",float32,0.6912751677852349,32.52261209487915
"lora (r=8, alpha=8)",bfloat16,0.6912751677852349,31.790494203567505
