adapter,data_format,accuracy,training_time
"lora (r=16, alpha=32)",float32,0.6864813039309684,55.638120889663696
"lora (r=16, alpha=32)",bfloat16,0.6912751677852349,30.254947423934937
"lora (r=8, alpha=32)",float32,0.6912751677852349,56.02969717979431
"lora (r=8, alpha=32)",bfloat16,0.6912751677852349,30.219268083572388
"lora (r=8, alpha=8)",float32,0.6912751677852349,56.29711627960205
"lora (r=8, alpha=8)",bfloat16,0.6912751677852349,30.541707038879395
