use_adapter,accuracy,training_time
True,0.6912751677852349,729.4352178573608
