frozen_layers,data_format,accuracy,training_time
80,float32,0.7698945349952061,49.39847016334534
80,bfloat16,0.7392138063279002,24.00856852531433
50,float32,0.800575263662512,59.657458782196045
50,bfloat16,0.7727708533077661,28.666151523590088
20,float32,0.8168744007670182,80.86729550361633
20,bfloat16,0.7833173537871524,34.29503297805786
0,float32,0.8149568552253116,85.81339740753174
0,bfloat16,0.788111217641419,39.577757596969604
