frozen_layers,data_format,accuracy,training_time
80,float32,0.7698945349952061,45.031232595443726
80,bfloat16,0.7392138063279002,23.61628818511963
50,float32,0.800575263662512,64.20640707015991
50,bfloat16,0.7727708533077661,28.107974529266357
20,float32,0.8168744007670182,75.4964051246643
20,bfloat16,0.7833173537871524,34.711567878723145
0,float32,0.8149568552253116,86.34646010398865
0,bfloat16,0.788111217641419,45.838653802871704
